mjd	phase angle	mag	rmsmag	band
60797.03560236111	20.056603021406282	23.416	0.21	i
60797.06984195602	20.074296367977162	23.046	0.094	r
60797.07128576389	20.07505225261836	23.046	0.092	r
60797.08450626158	20.081883238600174	23.231	0.108	r
60797.09057775463	20.085034101981865	23.813	0.142	g
60797.10369606481	20.0917851400854	23.898	0.169	g
60797.10514255787	20.09259070453171	23.707	0.129	g
60797.10756266204	20.093836426992194	23.971	0.165	g
60797.10996495371	20.095074870939108	23.758	0.172	g
60797.118279560185	20.09936120945857	24.035	0.182	g
60797.11973456018	20.100111472169484	23.748	0.136	g
60797.12215945602	20.101378819285575	23.823	0.134	g
60797.1245890625	20.102615881123388	23.786	0.133	g
60797.1329940625	20.10695447677091	23.745	0.144	g
60798.05744766204	20.581188043463786	23.111	0.163	r
60798.07213695602	20.588756477345875	23.056	0.149	r
60798.08682986111	20.596343382055533	23.086	0.155	r
60798.10600555556	20.606184674416845	23.696	0.185	g
60798.11918826389	20.612965829565223	23.59	0.162	g
60798.12065145833	20.613736970660444	23.722	0.161	g
60798.12308975695	20.61500350861205	23.582	0.156	g
60798.12554076389	20.61623305059371	23.871	0.209	g
60798.13396335648	20.62063816864478	23.936	0.212	g
60798.135430358794	20.621328942901155	23.579	0.149	g
60799.085976863425	21.107110835091365	23.4	0.135	r
60799.099358761574	21.113952918912346	23.513	0.165	r
60799.10088755787	21.11475319249429	23.284	0.123	r
60799.11560005787	21.122315506197516	23.354	0.137	r
60799.11804055556	21.123554852359888	23.618	0.176	r
60799.12884745371	21.12911139932794	23.39	0.149	r
60799.13034956018	21.129874191689552	23.454	0.137	r
60799.132796157406	21.13113755561336	23.458	0.145	r
60799.13523115741	21.132393462088988	23.287	0.128	r
60799.1428590625	21.136304381991017	23.893	0.181	g
60799.14384546296	21.136815838172073	23.812	0.159	g
60799.148693159725	21.139261094360386	24.025	0.189	g
60799.1571115625	21.143592157104404	23.639	0.191	g
