mjd	phase angle	mag	rmsmag	band
60787.109270960646	15.662494280347213	22.411	0.071	i
60787.11028865741	15.66304109397802	22.568	0.09	i
60787.111820162034	15.663867217915739	22.522	0.082	i
60787.11345665509	15.664722009860565	22.583	0.081	i
60787.11446835648	15.665254498404373	22.489	0.072	i
60787.115997361114	15.666062582939386	22.523	0.08	i
60787.11701686343	15.6666008848239	22.402	0.084	i
60787.118035162035	15.667141969406574	22.523	0.089	i
60787.118650358796	15.66746237861249	22.47	0.083	i
60787.124827962965	15.670728370989897	22.502	0.084	i
60787.12533436342	15.670998581363966	22.428	0.066	i
60787.12636576389	15.67153131357065	22.795	0.113	i
60787.12738085648	15.672081664852902	22.542	0.089	i
60787.12788755787	15.67235694015576	22.414	0.077	i
60787.12890445602	15.672876017758949	22.522	0.084	i
60787.12992315972	15.673398547689654	22.413	0.074	i
60787.13043505787	15.67368264533133	22.481	0.073	i
60787.13145516204	15.674227312958621	22.565	0.085	i
60787.132473564816	15.674767932264821	22.516	0.079	i
60787.13298486111	15.675036798950375	22.494	0.075	i
60790.11679915509	17.23621908993698	22.878	0.1	r
60790.13563986111	17.246095279738206	23.08	0.075	g
60790.13718815972	17.24691798183473	23.056	0.069	g
60790.14326486111	17.250097113635015	23.151	0.085	g
60790.14901275463	17.25312116844021	23.109	0.068	g
60790.17689106482	17.267739901528017	23.341	0.096	g
60790.17793346065	17.268273587830905	23.362	0.09	g
60790.184789363426	17.27185534718026	22.906	0.152	i
60790.18743475695	17.273254322040493	22.915	0.159	i
60790.18956115741	17.274395450334122	23.032	0.187	i
60790.19006706018	17.274653733041372	23.148	0.175	i
60797.031588564816	20.78661019947664	23.42	0.172	i
60797.06442966435	20.803297308776266	23.062	0.093	r
60797.08052525463	20.81147274059833	22.857	0.071	r
60797.099738854165	20.821239393732355	24.134	0.169	g
60797.11289425926	20.82789030050471	23.66	0.127	g
