mjd	phase angle	mag	rmsmag	band
60795.056069363425	19.033364676429816	24.191	0.204	r
60795.06876835648	19.039807345496286	24.091	0.206	r
60795.09771436342	19.054676650995553	24.04	0.183	r
60795.102194259256	19.05697184177989	23.749	0.198	r
60795.14905206019	19.080901290146226	24.407	0.17	g
60795.151510358795	19.082140879047927	24.503	0.197	g
60797.0365740625	20.042505039001604	23.513	0.17	i
60797.03851436343	20.043518357362142	23.486	0.184	i
60797.0453449537	20.04700318651052	23.805	0.199	i
60797.05078275463	20.04977025948007	23.748	0.193	i
60797.05619736111	20.052511330667297	23.935	0.182	r
60797.061048159725	20.054992582410215	24.267	0.208	r
60797.06586576389	20.05743419287941	24.204	0.206	r
60797.07080085648	20.059955019682615	24.098	0.192	r
60797.075621157404	20.06243328794204	24.193	0.211	r
60797.07808165509	20.063649704629242	23.952	0.192	r
60797.07907425926	20.064182865215923	23.985	0.198	r
60797.08151956018	20.065440169718556	24.156	0.204	r
60797.09683826389	20.073238604889514	24.351	0.201	g
60797.10071115741	20.075162320172375	24.368	0.176	g
60797.11142436343	20.080666284495166	24.392	0.202	g
60797.11779525463	20.08392773963895	24.494	0.211	g
60797.132505960646	20.091396668175467	24.21	0.199	g
60799.107274664355	21.094014400495084	23.774	0.207	r
60799.10775186343	21.094223001902783	23.663	0.184	r
60799.130825555556	21.10600661343448	24.052	0.218	r
60799.13719736111	21.109204428599718	23.956	0.202	r
60799.151614664355	21.116568931178232	24.148	0.194	g
