mjd	phase angle	mag	rmsmag	band
60795.03160115741	18.17536380713579	23.856	0.203	r
60795.033550960645	18.176431689947407	23.882	0.184	r
60795.0340403588	18.17666475432269	23.918	0.191	r
60795.03502016204	18.177205963100107	23.773	0.188	r
60795.03649755787	18.178007796947494	23.871	0.198	r
60795.070718055555	18.196185925088642	23.917	0.167	r
60795.09254275463	18.207779039630342	24.209	0.193	r
60795.147565555555	18.23696528695187	24.384	0.191	g
60795.148054861114	18.23726345512307	24.339	0.176	g
60795.14954466435	18.238040182036162	24.395	0.184	g
60795.15003055555	18.2383111199348	24.283	0.143	g
60795.15101126157	18.238843280178106	24.333	0.204	g
60795.1544653588	18.2406803242322	24.197	0.156	g
60795.15494915509	18.24091196119812	24.37	0.186	g
60798.01790626157	19.750081349609996	23.061	0.199	i
60798.0198665625	19.751134484332702	23.005	0.188	i
60798.04419876157	19.763895019875644	23.462	0.186	r
60798.06475395834	19.7747789516071	23.625	0.2	r
60798.07845956019	19.781949848820894	23.6	0.208	r
60798.08335165509	19.784608302605463	23.548	0.207	r
60798.12357675926	19.805778434374922	23.998	0.214	g
60798.13093535879	19.809635908893597	23.927	0.199	g
60799.08498846065	20.309558944103962	23.86	0.193	r
60799.085495162035	20.30986612405303	23.863	0.195	r
60799.08891106481	20.31162769166925	23.878	0.213	r
60799.09334245371	20.3139390677464	23.612	0.206	r
60799.09779126157	20.316310386465283	23.846	0.197	r
60799.100400358795	20.317697927749702	23.705	0.195	r
60799.101367256946	20.31817603703106	23.653	0.19	r
60799.10968055556	20.32251464837619	23.543	0.152	r
60799.11159645834	20.323569829502965	23.855	0.197	r
60799.11948596065	20.327695461358687	23.72	0.157	r
60799.11996665509	20.327939702806102	24.013	0.195	r
60799.12290326389	20.32948178149714	23.996	0.225	r
60799.12434456019	20.330224491943074	23.965	0.202	r
60799.125807662036	20.331027893456803	23.721	0.205	r
60799.126800555554	20.33157892908923	23.898	0.199	r
60799.127292164354	20.33174360926074	23.682	0.191	r
60799.12986915509	20.333140889101315	23.839	0.185	r
60799.130825555556	20.333653900343695	23.895	0.187	r
60799.134261354164	20.33547432930106	23.903	0.181	r
60799.13767675926	20.33723892389903	24.064	0.218	r
60799.14676686343	20.342055035492418	24.197	0.202	g
60799.147740960645	20.34254288228685	24.262	0.188	g
60799.148215960646	20.342777332084832	24.115	0.19	g
