mjd	phase angle	mag	rmsmag	band
60795.031108958334	18.0595829706549	23.923	0.208	r
60795.0340403588	18.061135046969625	23.755	0.168	r
60795.06772796296	18.07878794029353	23.928	0.176	r
60795.06925565972	18.079584198853997	24.043	0.206	r
60795.070718055555	18.080327887775077	24.033	0.191	r
60795.07172695602	18.080869166595573	24.132	0.212	r
60795.07269936342	18.081391043015692	24.008	0.187	r
60797.03354505787	19.102821010384993	24.029	0.213	i
60797.039471261574	19.105997564381504	23.578	0.194	i
60797.05030326389	19.111603183529976	23.437	0.149	i
60797.055713657406	19.114451767762887	23.916	0.186	r
60797.05763766204	19.115399604237233	23.967	0.199	r
60797.05811815972	19.11567243494387	23.958	0.202	r
60797.06298335648	19.118228618251013	24.223	0.2	r
60797.06782055555	19.12074055660068	24.227	0.192	r
60797.0703203588	19.122061696544428	23.761	0.172	r
60797.072723958336	19.123282650362704	24.029	0.201	r
60797.078565358795	19.126334154718645	24.122	0.196	r
60797.07955865741	19.126865917022197	23.964	0.185	r
60797.08101275463	19.127623802989426	24.077	0.198	r
60797.082482060185	19.12838209430498	24.193	0.212	r
60797.11094186342	19.14323833619153	24.319	0.173	g
60798.04094195602	19.625958248297422	23.678	0.21	r
60798.06475395834	19.638378778453518	23.708	0.207	r
60798.08335165509	19.6480541308326	23.58	0.216	r
60798.097968263886	19.655683438593233	23.234	0.148	r
60798.12554076389	19.670042452087824	23.99	0.22	g
