mjd	mag_val	mag_band
60797.11289412037	24.26	g
60790.149013125	24.21	g
60790.177933125	24.10	g
60790.13564011574	24.23	g
60790.137188125	24.15	g
60787.12890412037	23.47	i
60787.11701711806	23.44	i
60797.03015211806	23.70	i
60797.03158912037	23.65	i
60790.18478912037	23.46	i
60787.13145511574	23.29	i
60787.114468125	23.12	i
60787.13298511574	23.42	i
60787.126366122684	23.19	i
60797.07907412037	24.01	r
60797.08052511574	23.98	r
60797.065866122684	24.01	r
