mjd	phase angle	r_hc	r_gc	mag	rmsmag	band
60787.111309155094	10.709083456098492	2.752574350575378	1.83939213850175	23.658	0.22	i
60787.11395915509	10.709924229533568	2.75258011141558	1.839413481934935	23.653	0.204	i
60787.11497945602	10.710247969206465	2.752582329446582	1.8394216979725744	23.463	0.176	i
60787.13094915509	10.71531711128427	2.7526170456831065	1.8395501826730136	23.693	0.198	i
60787.13354326389	10.716140914147278	2.7526226849223905	1.8395710343610219	23.672	0.219	i
60793.1355990625	12.576888946139867	2.7656340461413595	1.8925088170034787	24.425	0.212	g
60793.142930462964	12.579047409246662	2.7656498937858376	1.8925772631351936	24.074	0.154	g
60793.184043263886	12.591171303684478	2.7657387616071807	1.8929605089570485	23.8	0.205	r
60793.19200236111	12.593522603970674	2.7657559652666177	1.8930346100987145	23.625	0.173	r
60793.196798460645	12.594940185173828	2.7657663320134134	1.8930792521358932	24.282	0.202	g
60793.199321458334	12.595686121792731	2.765771785441499	1.893102733225631	24.086	0.187	g
60793.201834155094	12.596429161721106	2.765777216591939	1.8931261165801254	24.135	0.182	g
60797.0453449537	13.702086281132022	2.774069008340878	1.9310952304913238	23.851	0.209	i
60797.05667326389	13.705181389613633	2.774093399814543	1.9312107705849983	23.812	0.177	r
60797.05763766204	13.70544492065354	2.774095476289532	1.9312206009205948	23.971	0.205	r
60797.0703203588	13.708911281914425	2.7741227835883504	1.9313497958128485	23.804	0.188	r
60797.09153856481	13.714714088870057	2.7741684680193472	1.9315656081364556	24.28	0.203	g
60797.11875346065	13.72216549482195	2.774227062326372	1.9318418559038961	24.259	0.214	g
