mjd	phase angle	mag	rmsmag	band
60787.111309155094	15.29803605438537	23.658	0.22	i
60787.11395915509	15.299424750501414	23.653	0.204	i
60787.11497945602	15.29993369138187	23.463	0.176	i
60787.13094915509	15.308183920183563	23.693	0.198	i
60787.13354326389	15.309425454867796	23.672	0.219	i
60793.1355990625	18.373346796440096	24.425	0.212	g
60793.142930462964	18.377107789776513	24.074	0.154	g
60793.184043263886	18.398163016292177	23.8	0.205	r
60793.19200236111	18.402219446961755	23.625	0.173	r
60793.196798460645	18.404667816718206	24.282	0.202	g
60793.199321458334	18.405973367846926	24.086	0.187	g
60793.201834155094	18.407260989461097	24.135	0.182	g
60797.0453449537	20.35128964641783	23.851	0.209	i
60797.05667326389	20.35702060279544	23.812	0.177	r
60797.05763766204	20.35750006689912	23.971	0.205	r
60797.0703203588	20.363921196607468	23.804	0.188	r
60797.09153856481	20.37463105698026	24.28	0.203	g
60797.11875346065	20.38840138673783	24.259	0.214	g
