mjd	phase angle	mag	rmsmag	band
60787.10978266204	15.509245172107281	22.732	0.093	i
60787.111309155094	15.510033629822871	22.817	0.109	i
60787.11233025463	15.510571089593768	23.128	0.131	i
60787.11395915509	15.511418668680836	22.875	0.106	i
60787.11497945602	15.511964999617716	22.895	0.097	i
60787.115488159725	15.512210909557465	22.882	0.116	i
60787.11650885417	15.51275988251933	22.892	0.113	i
60787.11752716435	15.513267776761445	22.77	0.103	i
60787.11915486111	15.514131650311894	22.903	0.119	i
60787.12431576389	15.516866629866497	22.722	0.09	i
60787.124827962965	15.51710841246877	22.839	0.107	i
60787.125841863424	15.517662628141052	22.724	0.088	i
60787.126874953705	15.518210119939097	22.872	0.111	i
60787.12738085648	15.518472375109514	22.891	0.126	i
60787.128398657405	15.519004552882024	22.683	0.092	i
60787.12941436343	15.519542420803347	22.923	0.117	i
60787.13094915509	15.520331420882066	23.031	0.111	i
60787.13354326389	15.52168872958181	22.908	0.111	i
60790.11731216435	17.07582553611914	22.783	0.091	r
60790.118846157406	17.076624367139196	23.262	0.162	r
60790.1198728588	17.077181150255292	23.057	0.177	r
60790.12398135417	17.07929674164054	22.911	0.125	r
60790.13375065972	17.08439391237682	23.026	0.115	r
60790.13617025463	17.085683413891843	23.371	0.085	g
60790.1377149537	17.086490875055226	23.43	0.087	g
60790.14800275463	17.09185182453668	23.617	0.109	g
60790.148509259256	17.092108725416463	23.574	0.111	g
60790.17741975695	17.107257069684426	23.521	0.124	g
60790.17847115741	17.107775627327268	23.503	0.104	g
60790.18532755787	17.11135942681022	22.847	0.158	i
60790.18642106481	17.111910966810747	22.705	0.136	i
60790.18797385417	17.11274691100916	22.946	0.139	i
60790.19061106481	17.114096332578587	22.821	0.122	i
60797.03063516204	20.621392729743942	23.45	0.169	i
60797.03208005787	20.62215843489795	23.535	0.184	i
60797.04677826389	20.629583440075894	23.181	0.149	i
60797.06491126157	20.638789471833757	23.671	0.165	r
60797.06635175926	20.63955933062672	23.568	0.138	r
60797.07955865741	20.64626302818336	23.329	0.119	r
60797.08101275463	20.647020248903424	23.668	0.151	r
60797.09878255787	20.656043716526415	23.789	0.139	g
60797.12804005787	20.670891345897353	23.835	0.132	g
