mjd	phase angle	mag	rmsmag	band
60790.13563986111	16.76594890421454	23.583	0.108	g
60790.14326486111	16.7701478611299	23.61	0.142	g
60790.17689106482	16.788816941106166	23.562	0.148	g
60790.18323115741	16.79231889221108	22.869	0.198	i
60790.184789363426	16.79313148723696	23.3	0.186	i
60790.18588255787	16.793792888814707	23.398	0.221	i
60790.18743475695	16.79466137975084	23.28	0.204	i
60790.1885165625	16.79521366092597	23.076	0.15	i
60790.19006706018	16.79610047673431	23.156	0.176	i
60797.031588564816	20.50800302351146	23.392	0.153	i
60797.0448578588	20.515075643817955	23.791	0.208	i
60797.04629665509	20.515886504035144	23.435	0.155	i
60797.06442966435	20.52556252397441	23.847	0.177	r
60797.06586576389	20.526345660016517	23.769	0.154	r
60797.07907425926	20.53340806212172	23.338	0.118	r
60797.08052525463	20.534181982043414	23.29	0.096	r
60797.09830315972	20.543687065697988	24.126	0.191	g
60797.099738854165	20.54446125580104	24.495	0.216	g
60797.11289425926	20.5515251671222	24.258	0.196	g
60797.11432986111	20.552285405809712	24.297	0.215	g
60797.12900046296	20.560144566995536	23.975	0.172	g
60798.06524016204	21.057536810104946	23.361	0.191	r
60798.06668425926	21.058294690835798	23.192	0.175	r
60798.07993525463	21.065341397504184	23.385	0.205	r
60798.08139925926	21.066204663296052	23.603	0.217	r
60798.09459395833	21.073169162262666	23.202	0.159	r
60798.09604236111	21.073960840135797	23.53	0.22	r
60798.113781354165	21.083339857689275	23.539	0.16	g
60799.03488716435	21.57006864458856	23.191	0.164	i
60799.09383925926	21.601265923444203	23.283	0.144	r
60799.09533966435	21.602064509080858	23.557	0.195	r
60799.12339356481	21.616930228456	23.722	0.193	r
60799.12485115741	21.617722774515507	23.368	0.159	r
60799.138160462964	21.624765140148305	23.517	0.156	r
60799.151614664355	21.631864532630193	24.078	0.189	g
