mjd	phase angle	mag	rmsmag	band
60797.027719861115	19.142497443903178	23.514	0.21	i
60797.08296266204	19.171917192285573	23.851	0.197	r
60797.10071115741	19.18137329185246	24.433	0.204	g
60797.102168460646	19.182172549276178	24.42	0.203	g
60797.111904756945	19.187330060857988	24.277	0.186	g
60797.115291458336	19.189115451473832	24.327	0.203	g
60797.12167315972	19.19254906786244	24.387	0.196	g
60797.13144895833	19.197720194344036	24.313	0.207	g
60798.04810665509	19.681450302823137	23.628	0.21	r
60798.110360659724	19.71433188028417	23.803	0.191	g
60798.112796354166	19.715623377166718	23.983	0.196	g
60798.12114415509	19.720018758644	23.878	0.188	g
60798.12604275463	19.722708315062576	23.887	0.207	g
60798.13240675926	19.726082059142907	24.077	0.211	g
60799.08891106481	20.227996651734344	23.409	0.19	r
60799.09634415509	20.231956726321936	23.806	0.201	r
60799.103849259256	20.235889727616776	23.53	0.19	r
60799.106282256944	20.23716652180197	23.572	0.167	r
60799.11111615741	20.239685567708946	23.812	0.19	r
60799.120927662036	20.244870868883382	23.394	0.119	r
60799.13571986111	20.252651171452545	23.767	0.176	r
60799.13719736111	20.253459946657816	23.901	0.201	r
60799.14917466435	20.259714830265317	23.906	0.144	g
60799.15313716435	20.261802560071224	23.941	0.174	g
