mjd	phase angle	mag	rmsmag	band
60787.111309155094	14.979079044228133	23.577	0.202	i
60787.11497945602	14.980952013079149	23.591	0.198	i
60787.11650885417	14.981682560106679	23.536	0.2	i
60787.125841863424	14.986477364344616	23.487	0.169	i
60787.126874953705	14.986964918569123	23.473	0.184	i
60787.12941436343	14.988271206708223	23.471	0.189	i
60787.13196466435	14.989606383554234	23.417	0.203	i
60790.11781895833	16.50749004464474	23.695	0.204	r
60790.118846157406	16.508022351489192	23.852	0.212	r
60790.1203753588	16.508868767981923	23.403	0.182	r
60790.13617025463	16.516930885633762	24.328	0.185	g
60790.13875005787	16.51824316386998	24.371	0.202	g
60793.13851606481	18.04942052447307	24.183	0.184	g
60793.142930462964	18.05168598216311	24.33	0.186	g
60793.184043263886	18.072779001100514	23.789	0.194	r
60793.1860074537	18.07375902155728	23.834	0.192	r
60793.1865253588	18.074031601288027	23.776	0.192	r
60793.19300085648	18.077353667162157	23.783	0.176	r
60797.02332706018	20.027437786107537	23.614	0.19	i
60797.02966876158	20.03062349854881	23.654	0.206	i
60797.040427858796	20.036129264253486	23.423	0.195	i
60797.0552353588	20.043662787556997	23.745	0.212	r
60797.06734466435	20.049871033961562	24.272	0.227	r
60797.06782055555	20.050095069329547	24.102	0.181	r
60797.07955865741	20.05610519424962	24.004	0.19	r
60797.08003706019	20.056343087795664	23.876	0.171	r
60797.08200335648	20.057315077246333	23.963	0.192	r
60797.08913925926	20.06097470406562	24.39	0.201	g
60797.09153856481	20.06215728634341	24.378	0.214	g
60797.09201576389	20.062431306781942	24.381	0.188	g
60797.09394315972	20.063348096039704	24.335	0.209	g
60797.10417576389	20.068639816603447	24.32	0.184	g
60797.106114560185	20.0696623954183	23.965	0.18	g
60797.10852475694	20.070834507091597	24.296	0.197	g
60797.1123940625	20.072815518161757	24.354	0.206	g
60797.12704315972	20.080246212669365	24.496	0.215	g
60799.08843145833	21.07292645332802	23.786	0.192	r
60799.0894015625	21.073395894311712	23.677	0.206	r
60799.09434145833	21.075928382811828	23.561	0.155	r
60799.09828436343	21.077940236785864	23.704	0.204	r
60799.11159645834	21.084686962537507	23.667	0.174	r
60799.12192055555	21.089914518542532	23.739	0.19	r
60799.123873958335	21.09091248336865	23.843	0.184	r
60799.13620995371	21.09714903264902	23.792	0.186	r
