mjd	phase angle	mag	rmsmag	band
60790.11832945602	16.27715912841313	23.928	0.204	r
60790.120883564814	16.2785936734685	23.743	0.207	r
60790.12192716435	16.279137211856444	23.794	0.213	r
60790.124511354166	16.28059051464581	23.74	0.223	r
60790.13322856482	16.285393403669023	23.975	0.216	r
60790.13563986111	16.28675513628613	24.292	0.207	g
60790.13718815972	16.28755608819068	24.46	0.2	g
60790.138225462964	16.28815235810254	24.473	0.194	g
60790.14074466435	16.289548279237486	24.316	0.185	g
60795.056069363425	18.950806964650177	24.023	0.174	r
60795.067234953705	18.956786158489603	23.859	0.17	r
60795.09771436342	18.973143999029293	23.994	0.181	r
60795.14657815972	18.999373320366704	24.387	0.213	g
60795.14905206019	19.000697390761008	24.146	0.14	g
60795.151510358795	19.002051296175736	24.485	0.206	g
60795.15793016204	19.005494058929507	24.364	0.188	g
60797.034055358796	19.999228649526408	23.934	0.212	i
60797.039948564816	20.002351925769048	23.618	0.195	i
60797.0448578588	20.004939244738633	23.923	0.207	i
60797.04582275463	20.00545991870067	23.732	0.201	i
60797.05475565972	20.010177617909804	23.957	0.196	r
60797.05619736111	20.010945952826734	24.039	0.189	r
60797.058633657405	20.012243403164018	23.937	0.196	r
60797.05959505787	20.01273851005674	24.084	0.193	r
60797.061048159725	20.01352431816406	24.126	0.185	r
60797.06202135417	20.014045907659987	23.78	0.145	r
60797.06586576389	20.016063142698595	24.115	0.184	r
60797.06685865741	20.0166014232433	23.87	0.14	r
60797.07416415509	20.020466738068198	23.939	0.176	r
60797.08003706019	20.023588148051676	24.002	0.193	r
60797.08052525463	20.02383206960025	24.276	0.195	r
60797.08151956018	20.024358387879385	24.268	0.222	r
60797.08296266204	20.025138228808277	24.026	0.204	r
60797.08402585648	20.025704142498608	23.931	0.21	r
60797.0886553588	20.028160514102947	24.366	0.194	g
60797.0949015625	20.031498443587193	24.232	0.195	g
60797.128516655095	20.04925524364806	24.032	0.164	g
