mjd	phase angle	mag	rmsmag	band
60795.02516716435	18.408767829930387	23.384	0.184	r
60795.033550960645	18.413211155304268	23.741	0.165	r
60795.0340403588	18.413487220152838	23.804	0.178	r
60795.068243761576	18.43207803520128	23.964	0.195	r
60795.06876835648	18.432350311834586	24.025	0.186	r
60795.070718055555	18.433424452985662	23.948	0.168	r
60795.07321585648	18.434787624152523	23.749	0.168	r
60795.09254275463	18.44526063559363	24.036	0.169	r
60797.03354505787	19.486196930338043	23.92	0.194	i
60797.034531655096	19.486703190421583	23.869	0.208	i
60797.04677826389	19.49321314001026	23.631	0.205	i
60797.05030326389	19.49516869300842	23.771	0.209	i
60797.05811815972	19.499350897090906	24.009	0.21	r
60797.060553564814	19.50068466108409	24.253	0.201	r
60797.06298335648	19.50198331984743	23.928	0.15	r
60797.068297858794	19.504817530756267	23.927	0.158	r
60797.07080085648	19.5061474060247	23.907	0.167	r
60797.07128576389	19.506432923915483	24.002	0.201	r
60797.07465025463	19.50822216798185	23.827	0.168	r
60797.07709076389	19.509521405591062	24.181	0.211	r
60797.08101275463	19.511596962107753	23.775	0.149	r
60797.10022266204	19.521928404684473	24.507	0.192	g
60797.113854953706	19.529208212317325	24.234	0.205	g
60797.12804005787	19.536858554353582	24.523	0.21	g
60799.087946458334	20.573106201342934	23.693	0.19	r
60799.0894015625	20.573910192202643	23.68	0.193	r
60799.09988065972	20.57939080113046	23.74	0.207	r
60799.11804055556	20.589039975476776	23.752	0.181	r
60799.11948596065	20.58980522933446	23.884	0.181	r
60799.11996665509	20.590047508546867	24.044	0.212	r
60799.13474085648	20.59791478086064	24.095	0.217	r
