mjd	phase angle	mag	rmsmag	band
60787.109270960646	14.903437648499176	23.217	0.206	i
60787.11446835648	14.906192301350503	23.53	0.189	i
60787.11701686343	14.907604101725397	23.511	0.212	i
60787.118650358796	14.908495170788164	23.514	0.2	i
60787.12533436342	14.912163759414641	23.381	0.162	i
60787.12890445602	14.914053351485684	23.638	0.212	i
60787.13145516204	14.915483634347938	23.588	0.187	i
60787.13298486111	14.916303141244525	23.508	0.181	i
60790.11935736111	16.535545959689497	23.552	0.179	r
60790.12192716435	16.536967943526346	23.377	0.165	r
60790.124511354166	16.538319257463385	23.517	0.185	r
60790.13563986111	16.544402288798533	24.179	0.17	g
60790.13718815972	16.545235113946728	24.156	0.148	g
60790.138225462964	16.545802446287325	24.397	0.193	g
60790.14074466435	16.54716335659094	23.89	0.144	g
60790.14326486111	16.54853580599759	24.196	0.191	g
60790.14901275463	16.551639249353382	24.316	0.179	g
60790.17689106482	16.566745745271533	24.132	0.191	g
60790.17793346065	16.56732409343979	23.76	0.128	g
60790.180328159724	16.56866314860264	23.712	0.214	i
60790.184789363426	16.571072282215944	23.523	0.203	i
60790.18588255787	16.571624541090436	23.385	0.188	i
60790.1885165625	16.573086067472996	23.454	0.188	i
60790.19006706018	16.57392281139319	23.523	0.198	i
60793.13511145833	18.15766446541739	24.047	0.163	g
60793.13656775463	18.158464541962452	24.086	0.191	g
60793.137539560186	18.15902867930464	24.106	0.188	g
60793.14144395833	18.16115217825645	24.069	0.187	g
60793.1830649537	18.183483975661673	23.83	0.209	r
60793.19150346065	18.187981707727467	23.604	0.175	r
60793.19250736111	18.188523765527812	23.965	0.209	r
60793.20284346065	18.194138675785993	23.973	0.169	g
60793.20536186342	18.195429344160434	23.913	0.174	g
60797.04629665509	20.23559479163941	23.582	0.169	i
60797.06202135417	20.243890301212325	23.707	0.148	r
60797.06442966435	20.245225646288162	24.11	0.203	r
60797.06586576389	20.24593168981049	23.933	0.16	r
60797.07907425926	20.25291102530459	24.018	0.205	r
60797.08052525463	20.25371628767609	24.074	0.177	r
60797.099738854165	20.263864482033036	24.639	0.213	g
60797.12655335648	20.27805296062088	24.343	0.21	g
60797.12755085648	20.278619363213654	24.262	0.186	g
