mjd	mag_val	mag_band
60798.13240711806	23.79	g
60799.15064412037	24.07	g
60799.15409711806	23.81	g
60798.13093511574	23.99	g
60799.14676711806	23.95	g
60797.02918711805	23.16	i
60797.043868125	23.00	i
60797.04237711806	23.43	i
60797.027720115744	23.13	i
60797.07660912037	23.23	r
60798.048107118055	22.97	r
60797.062021122685	23.50	r
60799.12729211806	23.09	r
60798.07746612268	23.26	r
60798.06281511574	22.91	r
60799.112548125	23.32	r
60799.125808125	23.30	r
60798.06426912037	23.28	r
